App Area,Category,Method,Path,Auth Type,Headers,Controller,Handler,Source File,Line
ATS,ATS,POST,/api/ATS/GetApplicantActivityLogs,No visible handler-level auth,,ATSController,GetApplicantActivityLogs,Boga.WebAPI/Controller/ATSController.cs,367
ATS,ATS,POST,/api/ATS/GetApplicantJobDetail,No visible handler-level auth,,ATSController,GetApplicantJobDetail,Boga.WebAPI/Controller/ATSController.cs,319
ATS,ATS,POST,/api/ATS/GetApplicantJobList,No visible handler-level auth,,ATSController,GetApplicantJobList,Boga.WebAPI/Controller/ATSController.cs,278
ATS,ATS,POST,/api/ATS/GetApplicantJobStatusLogs,No visible handler-level auth,,ATSController,GetApplicantJobStatusLogs,Boga.WebAPI/Controller/ATSController.cs,343
ATS,ATS,POST,/api/ATS/GetGradeList,No visible handler-level auth,,ATSController,GetGradeList,Boga.WebAPI/Controller/ATSController.cs,510
ATS,ATS,POST,/api/ATS/GetJobVacancyList,No visible handler-level auth,,ATSController,GetJobVacancyList,Boga.WebAPI/Controller/ATSController.cs,254
ATS,ATS,POST,/api/ATS/GetMasterAssesmentAspectList,No visible handler-level auth,,ATSController,GetMasterAssesmentAspectList,Boga.WebAPI/Controller/ATSController.cs,435
ATS,ATS,POST,/api/ATS/InsertApplicantJobComment,No visible handler-level auth,,ATSController,InsertApplicantJobComment,Boga.WebAPI/Controller/ATSController.cs,226
ATS,ATS,POST,/api/ATS/InsertInterviewFeedback,No visible handler-level auth,,ATSController,InsertInterviewFeedback,Boga.WebAPI/Controller/ATSController.cs,459
ATS,ATS,POST,/api/ATS/InsertInterviewSchedule,No visible handler-level auth,,ATSController,InsertInterviewSchedule,Boga.WebAPI/Controller/ATSController.cs,393
ATS,ATS,POST,/api/ATS/InsertJobOver,No visible handler-level auth,,ATSController,InsertJobOver,Boga.WebAPI/Controller/ATSController.cs,534
ATS,ATS,POST,/api/ATS/SchedulerSyncApplicantJobList,No visible handler-level auth,,ATSController,SchedulerSyncApplicantJobList,Boga.WebAPI/Controller/ATSController.cs,124
ATS,ATS,POST,/api/ATS/SendEmail,No visible handler-level auth,,ATSController,SendEmail,Boga.WebAPI/Controller/ATSController.cs,604
ATS,ATS,POST,/api/ATS/SyncApplicantJobList,No visible handler-level auth,,ATSController,SyncApplicantJobList,Boga.WebAPI/Controller/ATSController.cs,96
ATS,ATS,POST,/api/ATS/UpdateStatusApplicantJob,No visible handler-level auth,,ATSController,UpdateStatusApplicantJob,Boga.WebAPI/Controller/ATSController.cs,170
ATS,JobVacancy,POST,/api/JobVacancy/ListJobVacancy,No visible handler-level auth,,JobVacancyController,ListJobVacancy,Boga.WebAPI/Controller/JobVacancyController.cs,17
BogaBOT,Notification,POST,/api/Notification/DailyNotification,No visible handler-level auth,,NotificationController,DailyNotificationTransaction,Boga.WebAPI/Controller/NotificationController.cs,314
BogaBOT,Notification,POST,/api/Notification/DailyNotificationDueDate,No visible handler-level auth,,NotificationController,DailyNotificationDueDateCashAdvance,Boga.WebAPI/Controller/NotificationController.cs,329
BogaBOT,Notification,POST,/api/Notification/GetCallingLog,No visible handler-level auth,,NotificationController,GetCallingLog,Boga.WebAPI/Controller/NotificationController.cs,243
BogaBOT,Notification,POST,/api/Notification/GetData,No visible handler-level auth,,NotificationController,GetNotificationData,Boga.WebAPI/Controller/NotificationController.cs,57
BogaBOT,Notification,POST,/api/Notification/GetDataPaged,No visible handler-level auth,,NotificationController,GetNotificationDataPaged,Boga.WebAPI/Controller/NotificationController.cs,68
BogaBOT,Notification,POST,/api/Notification/GetReservationLog,No visible handler-level auth,,NotificationController,GetReservationLog,Boga.WebAPI/Controller/NotificationController.cs,282
BogaBOT,Notification,POST,/api/Notification/ReadNotification,No visible handler-level auth,,NotificationController,ReadNotification,Boga.WebAPI/Controller/NotificationController.cs,80
BogaBOT,Notification,POST,/api/Notification/RespondCallingLog,No visible handler-level auth,,NotificationController,RespondCallingLog,Boga.WebAPI/Controller/NotificationController.cs,265
BogaBOT,Notification,POST,/api/Notification/SaveCallingLog,No visible handler-level auth,,NotificationController,SaveCallingLog,Boga.WebAPI/Controller/NotificationController.cs,253
BogaBOT,Notification,POST,/api/Notification/SaveReservationLog,No visible handler-level auth,,NotificationController,SaveReservationLog,Boga.WebAPI/Controller/NotificationController.cs,292
BogaBOT,Notification,POST,/api/Notification/SendEmail,No visible handler-level auth,,NotificationController,SendEmail,Boga.WebAPI/Controller/NotificationController.cs,160
BogaBOT,Notification,POST,/api/Notification/SendMailBASO,No visible handler-level auth,,NotificationController,SendMailBASO,Boga.WebAPI/Controller/NotificationController.cs,215
BogaBOT,Notification,POST,/api/Notification/SendNotif,No visible handler-level auth,,NotificationController,SendNotif,Boga.WebAPI/Controller/NotificationController.cs,108
BogaBOT,Notification,POST,/api/Notification/SendQueuedNotif,No visible handler-level auth,,NotificationController,SendQueuedNotif,Boga.WebAPI/Controller/NotificationController.cs,136
BogaBOT,Notification,POST,/api/Notification/updateSPV,No visible handler-level auth,,NotificationController,updateSPV,Boga.WebAPI/Controller/NotificationController.cs,344
BogaBOT,Telegram,POST,/api/Telegram/SendMessage,No visible handler-level auth,,TelegramController,SendMessage,Boga.WebAPI/Controller/TelegramController.cs,22
BogaBOT,Telegram,POST,/api/Telegram/SendMessageTelegram,No visible handler-level auth,,TelegramController,SendMessageTelegram,Boga.WebAPI/Controller/TelegramController.cs,41
MyBoga,ActiveDirectory,POST,/api/ActiveDirectory/ChangePassword,No visible handler-level auth,,ActiveDirectoryController,ChangePassword,Boga.WebAPI/Controller/ActiveDirectoryController.cs,19
MyBoga,ActiveDirectory,POST,/api/ActiveDirectory/GroupList,No visible handler-level auth,,ActiveDirectoryController,GroupList,Boga.WebAPI/Controller/ActiveDirectoryController.cs,42
MyBoga,ActiveDirectory,POST,/api/ActiveDirectory/SetPassword,No visible handler-level auth,,ActiveDirectoryController,SetPassword,Boga.WebAPI/Controller/ActiveDirectoryController.cs,26
MyBoga,ActiveDirectory,POST,/api/ActiveDirectory/UserList,No visible handler-level auth,,ActiveDirectoryController,UserList,Boga.WebAPI/Controller/ActiveDirectoryController.cs,34
MyBoga,ActiveDirectory,POST,/api/ActiveDirectory/ValidateUser,No visible handler-level auth,,ActiveDirectoryController,ValidateUser,Boga.WebAPI/Controller/ActiveDirectoryController.cs,12
MyBoga,AppVersion,POST,/api/AppVersion/GetVersion,No visible handler-level auth,,AppVersionController,GetVersion,Boga.WebAPI/Controller_OIS/AppVersionController.cs,24
MyBoga,Application,POST,/api/Application/CheckUserAccess,No visible handler-level auth,,ApplicationController,CheckUserAccess,Boga.WebAPI/Controller/ApplicationController.cs,26
MyBoga,Approval,POST,/api/Approval/ApprovalList,No visible handler-level auth,,ApprovalController,ApprovalList,Boga.WebAPI/Controller/ApprovalController.cs,186
MyBoga,Approval,POST,/api/Approval/ApprovalProcess,No visible handler-level auth,,ApprovalController,ApprovalProcess,Boga.WebAPI/Controller/ApprovalController.cs,194
MyBoga,Approval,POST,/api/Approval/DeleteAttachment,No visible handler-level auth,,ApprovalController,DeleteAttachment,Boga.WebAPI/Controller/ApprovalController.cs,165
MyBoga,Approval,POST,/api/Approval/MyAssignedTasks,No visible handler-level auth,,ApprovalController,MyAssignedTasks,Boga.WebAPI/Controller/ApprovalController.cs,70
MyBoga,Approval,POST,/api/Approval/MyAssignedTasks2,No visible handler-level auth,,ApprovalController,MyAssignedTasks2,Boga.WebAPI/Controller/ApprovalController.cs,121
MyBoga,Approval,POST,/api/Approval/TransactionData,No visible handler-level auth,,ApprovalController,TransactionData,Boga.WebAPI/Controller/ApprovalController.cs,158
MyBoga,AssetLocation,POST,/api/AssetLocation/LocationList,No visible handler-level auth,,AssetLocationController,LocationList,Boga.WebAPI/Controller/AssetLocationController.cs,12
MyBoga,AssetOpname,POST,/api/AssetOpname/GetData,No visible handler-level auth,,AssetOpnameController,GetData,Boga.WebAPI/Controller/AssetOpnameController.cs,64
MyBoga,AssetOpname,POST,/api/AssetOpname/PostData,No visible handler-level auth,,AssetOpnameController,PostData,Boga.WebAPI/Controller/AssetOpnameController.cs,19
MyBoga,AssetOpname,POST,/api/AssetOpname/PostImage,No visible handler-level auth,,AssetOpnameController,PostImage,Boga.WebAPI/Controller/AssetOpnameController.cs,26
MyBoga,AssetOpname,POST,/api/AssetOpname/UpdateStatus,No visible handler-level auth,,AssetOpnameController,UpdateStatus,Boga.WebAPI/Controller/AssetOpnameController.cs,45
MyBoga,BAStockOpname,POST,/api/BAStockOpname/SendMailBASO,No visible handler-level auth,,BAStockOpnameController,SendMailBASO,Boga.WebAPI/Controller/BAStockOpnameController.cs,25
MyBoga,Bank,POST,/api/Bank/BankList,No visible handler-level auth,,BankController,BankList,Boga.WebAPI/Controller/BankController.cs,12
MyBoga,BookingRoom,POST,/api/BookingRoom/BookDetail,No visible handler-level auth,,BookingRoomController,DetailBooking,Boga.WebAPI/Controller/BookingRoomController.cs,78
MyBoga,BookingRoom,POST,/api/BookingRoom/Edit,No visible handler-level auth,,BookingRoomController,Edit,Boga.WebAPI/Controller/BookingRoomController.cs,132
MyBoga,BookingRoom,POST,/api/BookingRoom/ListRoom,No visible handler-level auth,,BookingRoomController,ListRoom,Boga.WebAPI/Controller/BookingRoomController.cs,53
MyBoga,BookingRoom,POST,/api/BookingRoom/RoomHistory,No visible handler-level auth,,BookingRoomController,RoomHistory,Boga.WebAPI/Controller/BookingRoomController.cs,60
MyBoga,BookingRoom,POST,/api/BookingRoom/Save,No visible handler-level auth,,BookingRoomController,Save,Boga.WebAPI/Controller/BookingRoomController.cs,101
MyBoga,BookingRoom,POST,/api/BookingRoom/Void,No visible handler-level auth,,BookingRoomController,VoidBooking,Boga.WebAPI/Controller/BookingRoomController.cs,160
MyBoga,BookingVehicle,POST,/api/BookingVehicle/FinishVoid,No visible handler-level auth,,BookingVehicleController,Edit,Boga.WebAPI/Controller/BookingVehicleController.cs,169
MyBoga,BookingVehicle,POST,/api/BookingVehicle/GetCar,No visible handler-level auth,,BookingVehicleController,GetCarInfo,Boga.WebAPI/Controller/BookingVehicleController.cs,66
MyBoga,BookingVehicle,POST,/api/BookingVehicle/HistoryBooking,No visible handler-level auth,,BookingVehicleController,HistoryBooking,Boga.WebAPI/Controller/BookingVehicleController.cs,59
MyBoga,BookingVehicle,POST,/api/BookingVehicle/Save,No visible handler-level auth,,BookingVehicleController,Save,Boga.WebAPI/Controller/BookingVehicleController.cs,92
MyBoga,BookingVehicle,POST,/api/BookingVehicle/SaveDriverRating,No visible handler-level auth,,BookingVehicleController,SaveDriverRating,Boga.WebAPI/Controller/BookingVehicleController.cs,143
MyBoga,BookingVehicle,POST,/api/BookingVehicle/SendNotificationFinish,No visible handler-level auth,,BookingVehicleController,SendNotificationFinish,Boga.WebAPI/Controller/BookingVehicleController.cs,128
MyBoga,Brand,POST,/api/Brand/BrandList,No visible handler-level auth,,BrandController,BrandList,Boga.WebAPI/Controller/BrandController.cs,26
MyBoga,Brand,POST,/api/Brand/SendTelegram,No visible handler-level auth,,BrandController,SendTelegram,Boga.WebAPI/Controller/BrandController.cs,33
MyBoga,Budgeting,POST,/api/Budgeting/Syncronize_Non_MPP_Data_Scheduler,No visible handler-level auth,,BudgetingController,Syncronize_Non_MPP_Data_Scheduler,Boga.WebAPI/Controller/BudgetingController.cs,22
MyBoga,Budgeting,POST,/api/Budgeting/UpdateStatusBudgetFromScheduler,No visible handler-level auth,,BudgetingController,UpdateStatusBudgetFromScheduler,Boga.WebAPI/Controller/BudgetingController.cs,15
MyBoga,CARealization,POST,/api/CARealization/SavingDataFromTax,No visible handler-level auth,,CARealizationController,SavingDataFromTax,Boga.WebAPI/Controller/CARealizationController.cs,38
MyBoga,Company,POST,/api/Company/CompanyList,No visible handler-level auth,,CompanyController,CompanyList,Boga.WebAPI/Controller/CompanyController.cs,12
MyBoga,DefectList,POST,/api/DefectList/CheckReminderDefectList,No visible handler-level auth,,DefectListController,CheckReminderDefectList,Boga.WebAPI/Controller/DefectListController.cs,67
MyBoga,DefectList,POST,/api/DefectList/GetApprovalTree,No visible handler-level auth,,DefectListController,GetApprovalTree,Boga.WebAPI/Controller/DefectListController.cs,25
MyBoga,DefectList,POST,/api/DefectList/GetDefectList,No visible handler-level auth,,DefectListController,GetDefectList,Boga.WebAPI/Controller/DefectListController.cs,32
MyBoga,DefectList,POST,/api/DefectList/GetTransactions,No visible handler-level auth,,DefectListController,GetTransactions,Boga.WebAPI/Controller/DefectListController.cs,18
MyBoga,DefectList,POST,/api/DefectList/GetTypeItemLists,No visible handler-level auth,,DefectListController,GetTypeItemLists,Boga.WebAPI/Controller/DefectListController.cs,60
MyBoga,DefectList,POST,/api/DefectList/PostData,No visible handler-level auth,,DefectListController,PostData,Boga.WebAPI/Controller/DefectListController.cs,39
MyBoga,DefectList,POST,/api/DefectList/PriorityList,No visible handler-level auth,,DefectListController,PriorityList,Boga.WebAPI/Controller/DefectListController.cs,53
MyBoga,DefectList,POST,/api/DefectList/UpdateStatus,No visible handler-level auth,,DefectListController,UpdateStatus,Boga.WebAPI/Controller/DefectListController.cs,46
MyBoga,DeliveryTransaction,POST,/api/DeliveryTransaction/DailyProcessingTimeReport,No visible handler-level auth,,DeliveryTransactionController,DailyProcessingTimeReport,Boga.WebAPI/Controller/DeliveryTransactionController.cs,267
MyBoga,DeliveryTransaction,POST,/api/DeliveryTransaction/DriverData,No visible handler-level auth,,DeliveryTransactionController,DriverData,Boga.WebAPI/Controller/DeliveryTransactionController.cs,32
MyBoga,DeliveryTransaction,POST,/api/DeliveryTransaction/FinishOrder,No visible handler-level auth,,DeliveryTransactionController,FinishOrder,Boga.WebAPI/Controller/DeliveryTransactionController.cs,127
MyBoga,DeliveryTransaction,POST,/api/DeliveryTransaction/OnProgressTransaction,No visible handler-level auth,,DeliveryTransactionController,OnProgressTransaction,Boga.WebAPI/Controller/DeliveryTransactionController.cs,162
MyBoga,DeliveryTransaction,POST,/api/DeliveryTransaction/TakeOrder,No visible handler-level auth,,DeliveryTransactionController,TakeOrder,Boga.WebAPI/Controller/DeliveryTransactionController.cs,92
MyBoga,DeliveryTransaction,POST,/api/DeliveryTransaction/TransactionHistory,No visible handler-level auth,,DeliveryTransactionController,TransactionHistory,Boga.WebAPI/Controller/DeliveryTransactionController.cs,192
MyBoga,DeliveryTransaction,POST,/api/DeliveryTransaction/UnassignedTransaction,No visible handler-level auth,,DeliveryTransactionController,UnassignedTransaction,Boga.WebAPI/Controller/DeliveryTransactionController.cs,62
MyBoga,DeliveryTransaction,POST,/api/DeliveryTransaction/UpdateDriverLocation,No visible handler-level auth,,DeliveryTransactionController,UpdateDriverLocation,Boga.WebAPI/Controller/DeliveryTransactionController.cs,222
MyBoga,Department,POST,/api/Department/DepartmentGroupList,No visible handler-level auth,,DepartmentController,DepartmentGroupList,Boga.WebAPI/Controller/DepartmentController.cs,12
MyBoga,DevelopmentPlan,POST,/api/DevelopmentPlan/DetailProject,No visible handler-level auth,,DevelopmentPlanController,DetailProject,Boga.WebAPI/Controller/DevelopmentPlanController.cs,121
MyBoga,DevelopmentPlan,POST,/api/DevelopmentPlan/DetailWeekProject,No visible handler-level auth,,DevelopmentPlanController,DetailWeekProject,Boga.WebAPI/Controller/DevelopmentPlanController.cs,152
MyBoga,DevelopmentPlan,POST,/api/DevelopmentPlan/ListProject,No visible handler-level auth,,DevelopmentPlanController,Test,Boga.WebAPI/Controller/DevelopmentPlanController.cs,31
MyBoga,DocumentESign,POST,/api/DocumentESign/GetLOAData,No visible handler-level auth,,DocumentESignController,GetLOAData,Boga.WebAPI/Controller/DocumentESignController.cs,28
MyBoga,DocumentESign,POST,/api/DocumentESign/SaveAttachmentESign,No visible handler-level auth,,DocumentESignController,SaveAttachmentESign,Boga.WebAPI/Controller/DocumentESignController.cs,61
MyBoga,DocumentPermit,POST,/api/DocumentPermit/GetCategory,No visible handler-level auth,,DocumentPermitController,GetCategory,Boga.WebAPI/Controller/DocumentPermitController.cs,51
MyBoga,DocumentPermit,POST,/api/DocumentPermit/GetTransactions,No visible handler-level auth,,DocumentPermitController,GetTransactions,Boga.WebAPI/Controller/DocumentPermitController.cs,44
MyBoga,DocumentPermit,POST,/api/DocumentPermit/SendEmailNotification,No visible handler-level auth,,DocumentPermitController,SendEmailNotification,Boga.WebAPI/Controller/DocumentPermitController.cs,23
MyBoga,EClearance,POST,/api/EClearance/SavingDetailData,No visible handler-level auth,,EClearanceController,SavingDetailData,Boga.WebAPI/Controller/EClearanceController.cs,37
MyBoga,EmployeeDiscount,POST,/api/EmployeeDiscount/ValidateEmployeeDiscount,No visible handler-level auth,,EmployeeDiscountController,ValidateEmployeeDiscount,Boga.WebAPI/Controller/EmployeeDiscountController.cs,19
MyBoga,External,POST,/ext/External/BAOList,No visible handler-level auth,,ExternalController,BAOList,Boga.WebAPI/Controller/ExternalController.cs,35
MyBoga,FixedAsset,POST,/api/FixedAsset/DataFixedAsset,No visible handler-level auth,,FixedAssetController,DataFixedAsset,Boga.WebAPI/Controller/FixedAssetController.cs,18
MyBoga,FixedAsset,POST,/api/FixedAsset/ListFixedAsset,No visible handler-level auth,,FixedAssetController,ListFixedAsset,Boga.WebAPI/Controller/FixedAssetController.cs,39
MyBoga,ITChecklist,POST,/api/ITChecklist/AddImages,No visible handler-level auth,,ITChecklistController,AddImages,Boga.WebAPI/Controller/ITChecklistController.cs,280
MyBoga,ITChecklist,POST,/api/ITChecklist/CreateNewTransaction,No visible handler-level auth,,ITChecklistController,CreateNewTransaction,Boga.WebAPI/Controller/ITChecklistController.cs,407
MyBoga,ITChecklist,POST,/api/ITChecklist/DeleteImages,No visible handler-level auth,,ITChecklistController,DeleteImages,Boga.WebAPI/Controller/ITChecklistController.cs,52
MyBoga,ITChecklist,POST,/api/ITChecklist/DeleteTransaction,No visible handler-level auth,,ITChecklistController,DeleteTransaction,Boga.WebAPI/Controller/ITChecklistController.cs,436
MyBoga,ITChecklist,POST,/api/ITChecklist/GetDetailTransactions,No visible handler-level auth,,ITChecklistController,GetDetailTransactions,Boga.WebAPI/Controller/ITChecklistController.cs,31
MyBoga,ITChecklist,POST,/api/ITChecklist/GetTemplate,No visible handler-level auth,,ITChecklistController,GetTemplate,Boga.WebAPI/Controller/ITChecklistController.cs,17
MyBoga,ITChecklist,POST,/api/ITChecklist/GetTransactionID,No visible handler-level auth,,ITChecklistController,GetTransactionID,Boga.WebAPI/Controller/ITChecklistController.cs,38
MyBoga,ITChecklist,POST,/api/ITChecklist/GetTransactions,No visible handler-level auth,,ITChecklistController,GetTransactions,Boga.WebAPI/Controller/ITChecklistController.cs,24
MyBoga,ITChecklist,POST,/api/ITChecklist/ModifyAttachment,No visible handler-level auth,,ITChecklistController,ModifyAttachment,Boga.WebAPI/Controller/ITChecklistController.cs,458
MyBoga,ITChecklist,POST,/api/ITChecklist/PostAttachment,No visible handler-level auth,,ITChecklistController,PostAttachment,Boga.WebAPI/Controller/ITChecklistController.cs,77
MyBoga,ITChecklist,POST,/api/ITChecklist/PostAttachmentBatches,No visible handler-level auth,,ITChecklistController,PostAttachmentBatches,Boga.WebAPI/Controller/ITChecklistController.cs,194
MyBoga,ITChecklist,POST,/api/ITChecklist/PostData,No visible handler-level auth,,ITChecklistController,PostData,Boga.WebAPI/Controller/ITChecklistController.cs,45
MyBoga,ITChecklist,POST,/api/ITChecklist/PostDataNew,No visible handler-level auth,,ITChecklistController,PostDataNew,Boga.WebAPI/Controller/ITChecklistController.cs,70
MyBoga,ITChecklist,POST,/api/ITChecklist/SubmitTransactionIDRef,No visible handler-level auth,,ITChecklistController,SubmitTransactionIDRef,Boga.WebAPI/Controller/ITChecklistController.cs,388
MyBoga,Item,POST,/api/Item/DataItem,No visible handler-level auth,,ItemController,DataItem,Boga.WebAPI/Controller/ItemController.cs,19
MyBoga,Item,POST,/api/Item/ItemList,No visible handler-level auth,,ItemController,ItemList,Boga.WebAPI/Controller/ItemController.cs,26
MyBoga,Item,POST,/api/Item/ItemPerLocation,No visible handler-level auth,,ItemController,ItemPerLocation,Boga.WebAPI/Controller/ItemController.cs,39
MyBoga,Item,POST,/api/Item/ListItemByOutlet,No visible handler-level auth,,ItemController,ListItemByOutlet,Boga.WebAPI/Controller/ItemController.cs,48
MyBoga,ItemHandOver,POST,/api/ItemHandOver/GetTransactions,No visible handler-level auth,,ItemHandOverController,GetTransactions,Boga.WebAPI/Controller/ItemHandOverController.cs,18
MyBoga,ItemHandOver,POST,/api/ItemHandOver/PostData,No visible handler-level auth,,ItemHandOverController,PostData,Boga.WebAPI/Controller/ItemHandOverController.cs,25
MyBoga,ItemHandOver,POST,/api/ItemHandOver/UpdateStatus,No visible handler-level auth,,ItemHandOverController,UpdateStatus,Boga.WebAPI/Controller/ItemHandOverController.cs,32
MyBoga,JoinInvoice,POST,/api/JoinInvoice/CheckingPONumber,No visible handler-level auth,,JoinInvoiceController,CheckingPONumber,Boga.WebAPI/Controller/JoinInvoiceController.cs,230
MyBoga,JoinInvoice,POST,/api/JoinInvoice/CheckingPONumberForExcel,No visible handler-level auth,,JoinInvoiceController,CheckingPONumberForExcel,Boga.WebAPI/Controller/JoinInvoiceController.cs,266
MyBoga,JoinInvoice,POST,/api/JoinInvoice/DataPOFromESB,No visible handler-level auth,,JoinInvoiceController,DataPOFromESB,Boga.WebAPI/Controller/JoinInvoiceController.cs,144
MyBoga,JoinInvoice,POST,/api/JoinInvoice/GetData,No visible handler-level auth,,JoinInvoiceController,GetData,Boga.WebAPI/Controller/JoinInvoiceController.cs,50
MyBoga,JoinInvoice,POST,/api/JoinInvoice/JoinInvoiceSaving,No visible handler-level auth,,JoinInvoiceController,JoinInvoiceSaving,Boga.WebAPI/Controller/JoinInvoiceController.cs,307
MyBoga,JoinInvoice,POST,/api/JoinInvoice/ListDataByCreator,No visible handler-level auth,,JoinInvoiceController,ListDataByCreator,Boga.WebAPI/Controller/JoinInvoiceController.cs,116
MyBoga,JoinInvoice,POST,/api/JoinInvoice/POfromEsbByCompany,No visible handler-level auth,,JoinInvoiceController,POfromEsbByCompany,Boga.WebAPI/Controller/JoinInvoiceController.cs,184
MyBoga,JoinInvoice,POST,/api/JoinInvoice/Submit,No visible handler-level auth,,JoinInvoiceController,Submit,Boga.WebAPI/Controller/JoinInvoiceController.cs,80
MyBoga,KPI,POST,/api/KPI/DashboardData,No visible handler-level auth,,KPIController,DashboardData,Boga.WebAPI/Controller/KPIController.cs,30
MyBoga,LegalAgreement,POST,/api/LegalAgreement/BrandLicenseList,No visible handler-level auth,,LegalAgreementController,BrandList,Boga.WebAPI/Controller/LegalAgreementController.cs,21
MyBoga,LegalAgreement,POST,/api/LegalAgreement/NotificationExpired,No visible handler-level auth,,LegalAgreementController,NotificationExpired,Boga.WebAPI/Controller/LegalAgreementController.cs,43
MyBoga,LegalAgreement,POST,/api/LegalAgreement/OutletLicenseList,No visible handler-level auth,,LegalAgreementController,OutletList,Boga.WebAPI/Controller/LegalAgreementController.cs,28
MyBoga,LegalAgreement,POST,/api/LegalAgreement/TotalOutlet,No visible handler-level auth,,LegalAgreementController,TotalOutlet,Boga.WebAPI/Controller/LegalAgreementController.cs,35
MyBoga,LegalDocument,POST,/api/LegalDocument/PushNotifExceededLegalDoc,No visible handler-level auth,,LegalDocumentController,PushNotifExceededLegalDoc,Boga.WebAPI/Controller/LegalDocumentController.cs,26
MyBoga,LegalReviewDrafting,POST,/api/LegalReviewDrafting/AssignToFinance,No visible handler-level auth,,LegalReviewDraftingController,AssignToFinance,Boga.WebAPI/Controller/LegalReviewDraftingController.cs,30
MyBoga,LegalReviewDrafting,POST,/api/LegalReviewDrafting/LegalFinish,No visible handler-level auth,,LegalReviewDraftingController,LegalFinish,Boga.WebAPI/Controller/LegalReviewDraftingController.cs,37
MyBoga,LegalReviewDrafting,POST,/api/LegalReviewDrafting/LegalPosition,No visible handler-level auth,,LegalReviewDraftingController,LegalPosition,Boga.WebAPI/Controller/LegalReviewDraftingController.cs,23
MyBoga,LocationInsight,POST,/api/LocationInsight/DeleteTransaction,No visible handler-level auth,,LocationInsightController,DeleteTransaction,Boga.WebAPI/Controller/LocationInsightController.cs,140
MyBoga,LocationInsight,POST,/api/LocationInsight/GetFormTemplate,No visible handler-level auth,,LocationInsightController,GetFormTemplate,Boga.WebAPI/Controller/LocationInsightController.cs,80
MyBoga,LocationInsight,POST,/api/LocationInsight/GetTransactionDetail,No visible handler-level auth,,LocationInsightController,GetTransactionDetail,Boga.WebAPI/Controller/LocationInsightController.cs,94
MyBoga,LocationInsight,POST,/api/LocationInsight/GetTransactionList,No visible handler-level auth,,LocationInsightController,GetTransactionList,Boga.WebAPI/Controller/LocationInsightController.cs,87
MyBoga,LocationInsight,POST,/api/LocationInsight/ListCity,No visible handler-level auth,,LocationInsightController,ListCity,Boga.WebAPI/Controller/LocationInsightController.cs,73
MyBoga,LocationInsight,POST,/api/LocationInsight/ListFormTypes,No visible handler-level auth,,LocationInsightController,ListFormTypes,Boga.WebAPI/Controller/LocationInsightController.cs,59
MyBoga,LocationInsight,POST,/api/LocationInsight/ListSite,No visible handler-level auth,,LocationInsightController,ListSite,Boga.WebAPI/Controller/LocationInsightController.cs,66
MyBoga,LocationInsight,POST,/api/LocationInsight/SaveTransaction,No visible handler-level auth,,LocationInsightController,SaveTransaction,Boga.WebAPI/Controller/LocationInsightController.cs,101
MyBoga,MRPTicketing,POST,/api/MRPTicketing/AccessCreateMRPTicketing,No visible handler-level auth,,MRPTicketingController,AccessCreateMRPTicketing,Boga.WebAPI/Controller/MRPTicketingController.cs,242
MyBoga,MRPTicketing,POST,/api/MRPTicketing/CategoryList,No visible handler-level auth,,MRPTicketingController,CategoryList,Boga.WebAPI/Controller/MRPTicketingController.cs,181
MyBoga,MRPTicketing,POST,/api/MRPTicketing/GetMessage,No visible handler-level auth,,MRPTicketingController,GetMessage,Boga.WebAPI/Controller/MRPTicketingController.cs,228
MyBoga,MRPTicketing,POST,/api/MRPTicketing/ItemCategoryTypeList,No visible handler-level auth,,MRPTicketingController,ItemCategoryTypeList,Boga.WebAPI/Controller/MRPTicketingController.cs,188
MyBoga,MRPTicketing,POST,/api/MRPTicketing/ItemList,No visible handler-level auth,,MRPTicketingController,ItemList,Boga.WebAPI/Controller/MRPTicketingController.cs,195
MyBoga,MRPTicketing,POST,/api/MRPTicketing/List_Ticketing_By_PIC,No visible handler-level auth,,MRPTicketingController,List_Ticketing_By_PIC,Boga.WebAPI/Controller/MRPTicketingController.cs,123
MyBoga,MRPTicketing,POST,/api/MRPTicketing/List_Ticketing_Per_PIC,No visible handler-level auth,,MRPTicketingController,List_Ticketing_Per_PIC,Boga.WebAPI/Controller/MRPTicketingController.cs,116
MyBoga,MRPTicketing,POST,/api/MRPTicketing/MyTicketList,No visible handler-level auth,,MRPTicketingController,MyTicketList,Boga.WebAPI/Controller/MRPTicketingController.cs,138
MyBoga,MRPTicketing,POST,/api/MRPTicketing/My_TicketList,No visible handler-level auth,,MRPTicketingController,My_TicketList,Boga.WebAPI/Controller/MRPTicketingController.cs,131
MyBoga,MRPTicketing,POST,/api/MRPTicketing/OutletPIC,No visible handler-level auth,,MRPTicketingController,OutletPIC,Boga.WebAPI/Controller/MRPTicketingController.cs,202
MyBoga,MRPTicketing,POST,/api/MRPTicketing/PostNewData,No visible handler-level auth,,MRPTicketingController,PostNewData,Boga.WebAPI/Controller/MRPTicketingController.cs,54
MyBoga,MRPTicketing,POST,/api/MRPTicketing/PriorityList,No visible handler-level auth,,MRPTicketingController,PriorityList,Boga.WebAPI/Controller/MRPTicketingController.cs,171
MyBoga,MRPTicketing,POST,/api/MRPTicketing/RatingTicket,No visible handler-level auth,,MRPTicketingController,RatingTicket,Boga.WebAPI/Controller/MRPTicketingController.cs,152
MyBoga,MRPTicketing,POST,/api/MRPTicketing/SendMessage,No visible handler-level auth,,MRPTicketingController,SendMessage,Boga.WebAPI/Controller/MRPTicketingController.cs,209
MyBoga,MRPTicketing,POST,/api/MRPTicketing/SubmitAssignTask,No visible handler-level auth,,MRPTicketingController,SubmitAssignTask,Boga.WebAPI/Controller/MRPTicketingController.cs,78
MyBoga,MRPTicketing,POST,/api/MRPTicketing/TechnicianList,No visible handler-level auth,,MRPTicketingController,TechnicianList,Boga.WebAPI/Controller/MRPTicketingController.cs,235
MyBoga,MRPTicketing,POST,/api/MRPTicketing/Ticketing_Data,No visible handler-level auth,,MRPTicketingController,Ticketing_Data,Boga.WebAPI/Controller/MRPTicketingController.cs,145
MyBoga,MRPTicketing,POST,/api/MRPTicketing/UpdateStatus,No visible handler-level auth,,MRPTicketingController,UpdateStatus,Boga.WebAPI/Controller/MRPTicketingController.cs,97
MyBoga,Modul,POST,/api/Modul/LastUpdateDate,No visible handler-level auth,,ModulController,LastUpdateDate,Boga.WebAPI/Controller/ModulController.cs,75
MyBoga,Modul,POST,/api/Modul/ModulAccess,No visible handler-level auth,,ModulController,GetData,Boga.WebAPI/Controller/ModulController.cs,44
MyBoga,News,POST,/api/News/GetData,No visible handler-level auth,,NewsController,GetData,Boga.WebAPI/Controller/NewsController.cs,32
MyBoga,News,POST,/api/News/GetDataImageHeader,No visible handler-level auth,,NewsController,GetDataImageHeader,Boga.WebAPI/Controller/NewsController.cs,64
MyBoga,News,POST,/api/News/GetDataImageHeaderUrl,No visible handler-level auth,,NewsController,GetDataImageHeaderUrl,Boga.WebAPI/Controller/NewsController.cs,97
MyBoga,News,POST,/api/News/GetDataUrl,No visible handler-level auth,,NewsController,GetDataUrl,Boga.WebAPI/Controller/NewsController.cs,121
MyBoga,OCRDocument,POST,/api/OCRDocument/GetOCRChangesData,No visible handler-level auth,,OCRDocumentController,GetOCRChangesData,Boga.WebAPI/Controller/OCRDocumentController.cs,36
MyBoga,OCRDocument,POST,/api/OCRDocument/GetOCRTrackedData,No visible handler-level auth,,OCRDocumentController,GetOCRTrackedData,Boga.WebAPI/Controller/OCRDocumentController.cs,28
MyBoga,OCRDocument,POST,/api/OCRDocument/OCRDocumentData,No visible handler-level auth,,OCRDocumentController,OCRDocumentData,Boga.WebAPI/Controller/OCRDocumentController.cs,21
MyBoga,OdsDashboard,POST,/api/OdsDashboard/DetailODS,No visible handler-level auth,,OdsDashboardController,DetailODS,Boga.WebAPI/Controller/OdsDashboardController.cs,29
MyBoga,OdsDashboard,POST,/api/OdsDashboard/DurationList,No visible handler-level auth,,OdsDashboardController,DurationList,Boga.WebAPI/Controller/OdsDashboardController.cs,36
MyBoga,OdsDashboard,POST,/api/OdsDashboard/ListODS,No visible handler-level auth,,OdsDashboardController,ListODS,Boga.WebAPI/Controller/OdsDashboardController.cs,22
MyBoga,Outlet,POST,/api/Outlet/BogaBOTStatus,No visible handler-level auth,,OutletController,BogaBOTStatus,Boga.WebAPI/Controller/OutletController.cs,40
MyBoga,Outlet,POST,/api/Outlet/OutletList,No visible handler-level auth,,OutletController,OutletList,Boga.WebAPI/Controller/OutletController.cs,21
MyBoga,Outlet,POST,/api/Outlet/UpdateVPNStatus,No visible handler-level auth,,OutletController,UpdateVPNStatus,Boga.WebAPI/Controller/OutletController.cs,49
MyBoga,OutletLease,POST,/api/OutletLease/DataDetailLevy,No visible handler-level auth,,OutletLeaseController,DataDetailLevy,Boga.WebAPI/Controller/OutletLeaseController.cs,34
MyBoga,OutletLease,POST,/api/OutletLease/DataDetailRent,No visible handler-level auth,,OutletLeaseController,DataDetailRent,Boga.WebAPI/Controller/OutletLeaseController.cs,27
MyBoga,OutletLease,POST,/api/OutletLease/DataDetailSC,No visible handler-level auth,,OutletLeaseController,DataDetailSC,Boga.WebAPI/Controller/OutletLeaseController.cs,41
MyBoga,OutletLease,POST,/api/OutletLease/DataHeader,No visible handler-level auth,,OutletLeaseController,DataHeader,Boga.WebAPI/Controller/OutletLeaseController.cs,20
MyBoga,OutletLease,POST,/api/OutletLease/OutletLeaseNotificationExpiredData,No visible handler-level auth,,OutletLeaseController,OutletLeaseNotificationExpiredData,Boga.WebAPI/Controller/OutletLeaseController.cs,134
MyBoga,OutletLease,POST,/api/OutletLease/OutletLeaseNotificationExpiredGMVP,No visible handler-level auth,,OutletLeaseController,OutletLeaseNotificationExpiredGMVP,Boga.WebAPI/Controller/OutletLeaseController.cs,94
MyBoga,POD,POST,/api/POD/SendEmailQueueEffectiveDate,No visible handler-level auth,,PODController,SendEmailQueueEffectiveDate,Boga.WebAPI/Controller/PODController.cs,723
MyBoga,POD,POST,/ext/POD/ApprovalList,No visible handler-level auth,,PODController,ApprovalList,Boga.WebAPI/Controller/PODController.cs,660
MyBoga,POD,POST,/ext/POD/AssignedTasks,No visible handler-level auth,,PODController,AssignedTask,Boga.WebAPI/Controller/PODController.cs,692
MyBoga,POD,POST,/ext/POD/BrandList,No visible handler-level auth,,PODController,BrandList,Boga.WebAPI/Controller/PODController.cs,231
MyBoga,POD,POST,/ext/POD/DepartmentGroupList,No visible handler-level auth,,PODController,DepartmentGroupList,Boga.WebAPI/Controller/PODController.cs,122
MyBoga,POD,POST,/ext/POD/DepartmentList,No visible handler-level auth,,PODController,DepartmentList,Boga.WebAPI/Controller/PODController.cs,86
MyBoga,POD,POST,/ext/POD/DivisionList,No visible handler-level auth,,PODController,DivisionList,Boga.WebAPI/Controller/PODController.cs,50
MyBoga,POD,POST,/ext/POD/GetData,No visible handler-level auth,,PODController,GetData,Boga.WebAPI/Controller/PODController.cs,360
MyBoga,POD,POST,/ext/POD/GetFIPO,No visible handler-level auth,,PODController,GetFIPOByPositionID,Boga.WebAPI/Controller/PODController.cs,548
MyBoga,POD,POST,/ext/POD/GetJobDesc,No visible handler-level auth,,PODController,GetJobDesc,Boga.WebAPI/Controller/PODController.cs,516
MyBoga,POD,POST,/ext/POD/GetListFIPO,No visible handler-level auth,,PODController,GetListFIPO,Boga.WebAPI/Controller/PODController.cs,423
MyBoga,POD,POST,/ext/POD/GetListFPO,No visible handler-level auth,,PODController,GetListFPO,Boga.WebAPI/Controller/PODController.cs,392
MyBoga,POD,POST,/ext/POD/GetListJD,No visible handler-level auth,,PODController,GetListJD,Boga.WebAPI/Controller/PODController.cs,454
MyBoga,POD,POST,/ext/POD/GetListRSTO,No visible handler-level auth,,PODController,GetListRSTO,Boga.WebAPI/Controller/PODController.cs,485
MyBoga,POD,POST,/ext/POD/GetRSTO,No visible handler-level auth,,PODController,GetRSTOByPositionID,Boga.WebAPI/Controller/PODController.cs,580
MyBoga,POD,POST,/ext/POD/GetUser,No visible handler-level auth,,PODController,GetUser,Boga.WebAPI/Controller/PODController.cs,305
MyBoga,POD,POST,/ext/POD/GradeList,No visible handler-level auth,,PODController,GradeList,Boga.WebAPI/Controller/PODController.cs,268
MyBoga,POD,POST,/ext/POD/PositionList,No visible handler-level auth,,PODController,PositionList,Boga.WebAPI/Controller/PODController.cs,195
MyBoga,POD,POST,/ext/POD/PostFPOData,No visible handler-level auth,,PODController,PostFPOData,Boga.WebAPI/Controller/PODController.cs,334
MyBoga,POD,POST,/ext/POD/SectionList,No visible handler-level auth,,PODController,SectionList,Boga.WebAPI/Controller/PODController.cs,158
MyBoga,POD,POST,/ext/POD/UpdateStatus,No visible handler-level auth,,PODController,UpdateStatus,Boga.WebAPI/Controller/PODController.cs,613
MyBoga,PaymentPlanning,POST,/api/PaymentPlanning/CreateDashboardPaymentPlanning,No visible handler-level auth,,PaymentPlanningController,CreateDashboardPaymentPlanning,Boga.WebAPI/Controller/PaymentPlanningController.cs,62
MyBoga,PaymentPlanning,POST,/api/PaymentPlanning/CreateOtherTransaction,No visible handler-level auth,,PaymentPlanningController,CreateOtherTransaction,Boga.WebAPI/Controller/PaymentPlanningController.cs,30
MyBoga,PaymentPlanning,POST,/api/PaymentPlanning/VoidDashboardPaymentPlanningLegalDocument,No visible handler-level auth,,PaymentPlanningController,VoidDashboardPaymentPlanningLegalDocument,Boga.WebAPI/Controller/PaymentPlanningController.cs,96
MyBoga,PaymentRequest,POST,/api/PaymentRequest/GetDataNPWP,No visible handler-level auth,,PaymentRequestController,GetDataNPWP,Boga.WebAPI/Controller/PaymentRequestController.cs,101
MyBoga,PaymentRequest,POST,/api/PaymentRequest/GetDataTaxAccount,No visible handler-level auth,,PaymentRequestController,GetDataTaxAccount,Boga.WebAPI/Controller/PaymentRequestController.cs,125
MyBoga,PaymentRequest,POST,/api/PaymentRequest/GetDataTransaction,No visible handler-level auth,,PaymentRequestController,GetDataTransaction,Boga.WebAPI/Controller/PaymentRequestController.cs,39
MyBoga,PaymentRequest,POST,/api/PaymentRequest/GetDataVAT,No visible handler-level auth,,PaymentRequestController,GetDataVAT,Boga.WebAPI/Controller/PaymentRequestController.cs,149
MyBoga,PaymentRequest,POST,/api/PaymentRequest/ProcessJournalAIBatch,No visible handler-level auth,,PaymentRequestController,ProcessAIBatch,Boga.WebAPI/Controller/PaymentRequestController.cs,173
MyBoga,PaymentRequest,POST,/api/PaymentRequest/SavingDataFromTax,No visible handler-level auth,,PaymentRequestController,SavingDataFromTax,Boga.WebAPI/Controller/PaymentRequestController.cs,73
MyBoga,Production,POST,/api/Production/AddPO,No visible handler-level auth,,ProductionController,AddPO,Boga.WebAPI/Controller/ProductionController.cs,85
MyBoga,Production,POST,/api/Production/AddPOBackDate,No visible handler-level auth,,ProductionController,AddPOHistory,Boga.WebAPI/Controller/ProductionController.cs,92
MyBoga,Production,POST,/api/Production/AddTransfer,No visible handler-level auth,,ProductionController,AddTransfer,Boga.WebAPI/Controller/ProductionController.cs,171
MyBoga,Production,POST,/api/Production/GetProductionOrderCodeByBatch,No visible handler-level auth,,ProductionController,GetProductionOrderCodeByBatch,Boga.WebAPI/Controller/ProductionController.cs,156
MyBoga,Production,POST,/api/Production/ListBOM,No visible handler-level auth,,ProductionController,ListBOM,Boga.WebAPI/Controller/ProductionController.cs,99
MyBoga,Production,POST,/api/Production/ListBOMDetail,No visible handler-level auth,,ProductionController,ListBOMDetail,Boga.WebAPI/Controller/ProductionController.cs,107
MyBoga,Production,POST,/api/Production/ListOutlet,No visible handler-level auth,,ProductionController,ListOutlet,Boga.WebAPI/Controller/ProductionController.cs,240
MyBoga,Production,POST,/api/Production/ListPO,No visible handler-level auth,,ProductionController,ListPO,Boga.WebAPI/Controller/ProductionController.cs,114
MyBoga,Production,POST,/api/Production/ListPODetail,No visible handler-level auth,,ProductionController,ListPODetail,Boga.WebAPI/Controller/ProductionController.cs,121
MyBoga,Production,POST,/api/Production/ListPODetailByPR,No visible handler-level auth,,ProductionController,ListPODetailByPR,Boga.WebAPI/Controller/ProductionController.cs,135
MyBoga,Production,POST,/api/Production/ListPODetailHistory,No visible handler-level auth,,ProductionController,ListPODetailHistory,Boga.WebAPI/Controller/ProductionController.cs,128
MyBoga,Production,POST,/api/Production/ListPlan,No visible handler-level auth,,ProductionController,ListPlan,Boga.WebAPI/Controller/ProductionController.cs,47
MyBoga,Production,POST,/api/Production/ListPlanDetail,No visible handler-level auth,,ProductionController,ListPlanDetail,Boga.WebAPI/Controller/ProductionController.cs,63
MyBoga,Production,POST,/api/Production/ListPlanDetailCurrent,No visible handler-level auth,,ProductionController,ListPlanDetailCurrent,Boga.WebAPI/Controller/ProductionController.cs,70
MyBoga,Production,POST,/api/Production/ListPlanDetailHistory,No visible handler-level auth,,ProductionController,ListPlanDetailHistory,Boga.WebAPI/Controller/ProductionController.cs,77
MyBoga,Production,POST,/api/Production/ListPlanWithPR,No visible handler-level auth,,ProductionController,ListPlanWithPR,Boga.WebAPI/Controller/ProductionController.cs,55
MyBoga,Production,POST,/api/Production/ListTransferStock,No visible handler-level auth,,ProductionController,ListTransferStock,Boga.WebAPI/Controller/ProductionController.cs,142
MyBoga,Production,POST,/api/Production/ListTransferStockDetail,No visible handler-level auth,,ProductionController,ListTransferStockDetail,Boga.WebAPI/Controller/ProductionController.cs,149
MyBoga,Production,POST,/api/Production/ProductionExportEmailNotification,No visible handler-level auth,,ProductionController,ProductionExportEmailNotification,Boga.WebAPI/Controller/ProductionController.cs,262
MyBoga,Production,POST,/api/Production/SimpleManufacturingAssembly,No visible handler-level auth,,ProductionController,SimpleManufacturingAssembly,Boga.WebAPI/Controller/ProductionController.cs,311
MyBoga,Production,POST,/api/Production/SimpleManufacturingAuthorize,No visible handler-level auth,,ProductionController,SimpleManufacturingAuthorize,Boga.WebAPI/Controller/ProductionController.cs,326
MyBoga,Production,POST,/api/Production/SimpleManufacturingIndex,No visible handler-level auth,,ProductionController,SimpleManufacturingIndex,Boga.WebAPI/Controller/ProductionController.cs,304
MyBoga,Production,POST,/api/Production/SubmitSimpleManufacturing,No visible handler-level auth,,ProductionController,SubmitSimpleManufacturing,Boga.WebAPI/Controller/ProductionController.cs,343
MyBoga,Production,POST,/api/Production/ValidationDataExported,No visible handler-level auth,,ProductionController,ValidationDataExported,Boga.WebAPI/Controller/ProductionController.cs,290
MyBoga,Production,POST,/api/Production/ValidationSave,No visible handler-level auth,,ProductionController,ValidationSave,Boga.WebAPI/Controller/ProductionController.cs,255
MyBoga,Production,POST,/api/Production/ViewGoodsDelivery,No visible handler-level auth,,ProductionController,ViewGoodsDelivery,Boga.WebAPI/Controller/ProductionController.cs,248
MyBoga,ProjectManagement,POST,/api/ProjectManagement/DeleteAttachment,No visible handler-level auth,,ProjectManagementController,DeleteAttachment,Boga.WebAPI/Controller/ProjectManagementController.cs,340
MyBoga,ProjectManagement,POST,/api/ProjectManagement/DeleteDetailTask,No visible handler-level auth,,ProjectManagementController,DeleteDetailTask,Boga.WebAPI/Controller/ProjectManagementController.cs,487
MyBoga,ProjectManagement,POST,/api/ProjectManagement/DeleteTask,No visible handler-level auth,,ProjectManagementController,DeleteTask,Boga.WebAPI/Controller/ProjectManagementController.cs,515
MyBoga,ProjectManagement,POST,/api/ProjectManagement/DetailProject,No visible handler-level auth,,ProjectManagementController,DetailProject,Boga.WebAPI/Controller/ProjectManagementController.cs,96
MyBoga,ProjectManagement,POST,/api/ProjectManagement/ListDepartment,No visible handler-level auth,,ProjectManagementController,ListDepartment,Boga.WebAPI/Controller/ProjectManagementController.cs,427
MyBoga,ProjectManagement,POST,/api/ProjectManagement/ListEmployee,No visible handler-level auth,,ProjectManagementController,ListEmployee,Boga.WebAPI/Controller/ProjectManagementController.cs,396
MyBoga,ProjectManagement,POST,/api/ProjectManagement/ListProject,No visible handler-level auth,,ProjectManagementController,Test,Boga.WebAPI/Controller/ProjectManagementController.cs,64
MyBoga,ProjectManagement,POST,/api/ProjectManagement/PostAttachment,No visible handler-level auth,,ProjectManagementController,PostAttachment,Boga.WebAPI/Controller/ProjectManagementController.cs,244
MyBoga,ProjectManagement,POST,/api/ProjectManagement/PostAttachment2,No visible handler-level auth,,ProjectManagementController,PostAttachment2,Boga.WebAPI/Controller/ProjectManagementController.cs,272
MyBoga,ProjectManagement,POST,/api/ProjectManagement/PostComment,No visible handler-level auth,,ProjectManagementController,PostComment,Boga.WebAPI/Controller/ProjectManagementController.cs,215
MyBoga,ProjectManagement,POST,/api/ProjectManagement/ScheduledNotification,No visible handler-level auth,,ProjectManagementController,ScheduledNotification,Boga.WebAPI/Controller/ProjectManagementController.cs,368
MyBoga,ProjectManagement,POST,/api/ProjectManagement/SubmitHeaderTask,No visible handler-level auth,,ProjectManagementController,SubmitHeaderTask,Boga.WebAPI/Controller/ProjectManagementController.cs,543
MyBoga,ProjectManagement,POST,/api/ProjectManagement/SubmitTask,No visible handler-level auth,,ProjectManagementController,SubmitTask,Boga.WebAPI/Controller/ProjectManagementController.cs,458
MyBoga,ProjectManagement,POST,/api/ProjectManagement/UpdateProject,No visible handler-level auth,,ProjectManagementController,UpdateProject,Boga.WebAPI/Controller/ProjectManagementController.cs,186
MyBoga,ProjectManagement,POST,/api/ProjectManagement/UpdateStatus,No visible handler-level auth,,ProjectManagementController,UpdateStatus,Boga.WebAPI/Controller/ProjectManagementController.cs,127
MyBoga,ProjectManagement,POST,/api/ProjectManagement/UpdateStatusProject,No visible handler-level auth,,ProjectManagementController,UpdateStatusProject,Boga.WebAPI/Controller/ProjectManagementController.cs,157
MyBoga,Promotion,POST,/api/Promotion/ListPromotionMenu,No visible handler-level auth,,PromotionController,ListPromotionMenu,Boga.WebAPI/Controller/PromotionController.cs,30
MyBoga,Promotion,POST,/api/Promotion/ListPromotionOutlet,No visible handler-level auth,,PromotionController,ListPromotionOutlet,Boga.WebAPI/Controller/PromotionController.cs,22
MyBoga,PublicHoliday,POST,/api/PublicHoliday/PublicHolidayList,No visible handler-level auth,,PublicHolidayController,PublicHolidayList,Boga.WebAPI/Controller/PublicHolidayController.cs,34
MyBoga,QRReceipt,POST,/api/QRReceipt/Confirm,No visible handler-level auth,,QRReceiptController,Confirm,Boga.WebAPI/Controller/QRReceiptController.cs,72
MyBoga,QRReceipt,POST,/api/QRReceipt/GetData,No visible handler-level auth,,QRReceiptController,GetData,Boga.WebAPI/Controller/QRReceiptController.cs,37
MyBoga,RecentActivity,POST,/api/RecentActivity/GetData,No visible handler-level auth,,RecentActivityController,RecentActivity,Boga.WebAPI/Controller/RecentActivityController.cs,17
MyBoga,Sales,POST,/api/Sales/CashTransactionList,No visible handler-level auth,,SalesController,CashTransactionList,Boga.WebAPI/Controller/SalesController.cs,131
MyBoga,Sales,POST,/api/Sales/DailySalesReportCommentByArea,No visible handler-level auth,,SalesController,DailySalesReportCommentByArea,Boga.WebAPI/Controller/SalesController.cs,226
MyBoga,Sales,POST,/api/Sales/DailySalesReportCommentByBrand,No visible handler-level auth,,SalesController,DailySalesReportDetail,Boga.WebAPI/Controller/SalesController.cs,212
MyBoga,Sales,POST,/api/Sales/DailySalesReportList,No visible handler-level auth,,SalesController,DailySalesReportList,Boga.WebAPI/Controller/SalesController.cs,142
MyBoga,Sales,POST,/api/Sales/GetDailySalesTMS,No visible handler-level auth,,SalesController,GetDailySalesTMS,Boga.WebAPI/Controller/SalesController.cs,351
MyBoga,Sales,POST,/api/Sales/GetDataListTransaksi,No visible handler-level auth,,SalesController,GetDataListTransaksi,Boga.WebAPI/Controller/SalesController.cs,259
MyBoga,Sales,POST,/api/Sales/GetDataListTransaksiGCC,No visible handler-level auth,,SalesController,GetDataListTransaksiGCC,Boga.WebAPI/Controller/SalesController.cs,313
MyBoga,Sales,POST,/api/Sales/GetDataListTransaksiVA,No visible handler-level auth,,SalesController,GetDataListTransaksiVA,Boga.WebAPI/Controller/SalesController.cs,286
MyBoga,Sales,POST,/api/Sales/GetLoyaltyPointsInfo,No visible handler-level auth,,SalesController,GetLoyaltyPointsInfo,Boga.WebAPI/Controller/SalesController.cs,340
MyBoga,Sales,POST,/api/Sales/InsertDailySalesReport,No visible handler-level auth,,SalesController,InsertDailySalesReport,Boga.WebAPI/Controller/SalesController.cs,174
MyBoga,Sales,POST,/api/Sales/InsertDailySalesReportComment,No visible handler-level auth,,SalesController,InsertDailySalesReportComment,Boga.WebAPI/Controller/SalesController.cs,186
MyBoga,Sales,POST,/api/Sales/InsertDailySalesReportCommentArea,No visible handler-level auth,,SalesController,InsertDailySalesReportCommentArea,Boga.WebAPI/Controller/SalesController.cs,199
MyBoga,Sales,POST,/api/Sales/LastSalesVA,No visible handler-level auth,,SalesController,LastSalesVA,Boga.WebAPI/Controller/SalesController.cs,110
MyBoga,Sales,POST,/api/Sales/LastSalesVATransfer,No visible handler-level auth,,SalesController,LastSalesVATransfer,Boga.WebAPI/Controller/SalesController.cs,117
MyBoga,Sales,POST,/api/Sales/SalesVAInsert,No visible handler-level auth,,SalesController,SalesVAInsert,Boga.WebAPI/Controller/SalesController.cs,53
MyBoga,Sales,POST,/api/Sales/SalesVAInsertTransfer,No visible handler-level auth,,SalesController,SalesVAInsertTransfer,Boga.WebAPI/Controller/SalesController.cs,67
MyBoga,Sales,POST,/api/Sales/SalesVAList,No visible handler-level auth,,SalesController,SalesVAList,Boga.WebAPI/Controller/SalesController.cs,96
MyBoga,Sales,POST,/api/Sales/SalesVATransferList,No visible handler-level auth,,SalesController,SalesVATransferList,Boga.WebAPI/Controller/SalesController.cs,103
MyBoga,Sales,POST,/api/Sales/SalesVAUpdateStatus,No visible handler-level auth,,SalesController,SalesVAUpdateStatus,Boga.WebAPI/Controller/SalesController.cs,81
MyBoga,StockOpname,POST,/api/StockOpname/CheckStockOpnameDataFromScheduler,No visible handler-level auth,,StockOpnameController,CheckStockOpnameDataFromScheduler,Boga.WebAPI/Controller/StockOpnameController.cs,118
MyBoga,StockOpname,POST,/api/StockOpname/GetData,No visible handler-level auth,,StockOpnameController,GetData,Boga.WebAPI/Controller/StockOpnameController.cs,83
MyBoga,StockOpname,POST,/api/StockOpname/GetDataDetailHistory,No visible handler-level auth,,StockOpnameController,GetDataDetailHistory,Boga.WebAPI/Controller/StockOpnameController.cs,97
MyBoga,StockOpname,POST,/api/StockOpname/GetListHistory,No visible handler-level auth,,StockOpnameController,GetListHistory,Boga.WebAPI/Controller/StockOpnameController.cs,90
MyBoga,StockOpname,POST,/api/StockOpname/PostAttachment,No visible handler-level auth,,StockOpnameController,PostAttachment,Boga.WebAPI/Controller/StockOpnameController.cs,125
MyBoga,StockOpname,POST,/api/StockOpname/PostData,No visible handler-level auth,,StockOpnameController,PostData,Boga.WebAPI/Controller/StockOpnameController.cs,24
MyBoga,StockOpname,POST,/api/StockOpname/PostData2,No visible handler-level auth,,StockOpnameController,PostData2,Boga.WebAPI/Controller/StockOpnameController.cs,31
MyBoga,StockOpname,POST,/api/StockOpname/PostData3,No visible handler-level auth,,StockOpnameController,PostData3,Boga.WebAPI/Controller/StockOpnameController.cs,38
MyBoga,StockOpname,POST,/api/StockOpname/PostImage,No visible handler-level auth,,StockOpnameController,PostImage,Boga.WebAPI/Controller/StockOpnameController.cs,45
MyBoga,StockOpname,POST,/api/StockOpname/SubmitStockOpnameDataFromScheduler,No visible handler-level auth,,StockOpnameController,SubmitStockOpnameDataFromScheduler,Boga.WebAPI/Controller/StockOpnameController.cs,111
MyBoga,StockOpname,POST,/api/StockOpname/UpdateDetailStockOpnameFromScheduler,No visible handler-level auth,,StockOpnameController,UpdateDetailStockOpnameFromScheduler,Boga.WebAPI/Controller/StockOpnameController.cs,104
MyBoga,StockOpname,POST,/api/StockOpname/UpdateStatus,No visible handler-level auth,,StockOpnameController,UpdateStatus,Boga.WebAPI/Controller/StockOpnameController.cs,64
MyBoga,StrategicMetrics,POST,/api/StrategicMetrics/MetricsFilterList,No visible handler-level auth,,StrategicMetricsController,MetricsFilterList,Boga.WebAPI/Controller/StrategicMetricsController.cs,32
MyBoga,StrategicMetrics,POST,/api/StrategicMetrics/StrategicMetricsDashboardData,No visible handler-level auth,,StrategicMetricsController,StrategicMetricsDashboardData,Boga.WebAPI/Controller/StrategicMetricsController.cs,39
MyBoga,StrategicMetrics,POST,/api/StrategicMetrics/StrategicMetricsPerBrand,No visible handler-level auth,,StrategicMetricsController,StrategicMetricsPerBrand,Boga.WebAPI/Controller/StrategicMetricsController.cs,49
MyBoga,Ticketing,POST,/api/Ticketing/CategoryPerTechnician,No visible handler-level auth,,TicketingController,CategoryPerTechnician,Boga.WebAPI/Controller/TicketingController.cs,248
MyBoga,Ticketing,POST,/api/Ticketing/GetMessage,No visible handler-level auth,,TicketingController,GetMessage,Boga.WebAPI/Controller/TicketingController.cs,234
MyBoga,Ticketing,POST,/api/Ticketing/List_Ticketing_By_PIC,No visible handler-level auth,,TicketingController,List_Ticketing_By_PIC,Boga.WebAPI/Controller/TicketingController.cs,177
MyBoga,Ticketing,POST,/api/Ticketing/MainCategoryList,No visible handler-level auth,,TicketingController,MainCategoryList,Boga.WebAPI/Controller/TicketingController.cs,241
MyBoga,Ticketing,POST,/api/Ticketing/MyAssignedTicket,No visible handler-level auth,,TicketingController,MyAssignedTicket,Boga.WebAPI/Controller/TicketingController.cs,185
MyBoga,Ticketing,POST,/api/Ticketing/MyCreatedTicket,No visible handler-level auth,,TicketingController,MyCreatedTicket,Boga.WebAPI/Controller/TicketingController.cs,192
MyBoga,Ticketing,POST,/api/Ticketing/My_TicketList,No visible handler-level auth,,TicketingController,My_TicketList,Boga.WebAPI/Controller/TicketingController.cs,200
MyBoga,Ticketing,POST,/api/Ticketing/PostNewData,No visible handler-level auth,,TicketingController,PostNewData,Boga.WebAPI/Controller/TicketingController.cs,62
MyBoga,Ticketing,POST,/api/Ticketing/RatingTicket,No visible handler-level auth,,TicketingController,RatingTicket,Boga.WebAPI/Controller/TicketingController.cs,215
MyBoga,Ticketing,POST,/api/Ticketing/ResubmitData,No visible handler-level auth,,TicketingController,ResubmitData,Boga.WebAPI/Controller/TicketingController.cs,124
MyBoga,Ticketing,POST,/api/Ticketing/SendMessage,No visible handler-level auth,,TicketingController,SendMessage,Boga.WebAPI/Controller/TicketingController.cs,143
MyBoga,Ticketing,POST,/api/Ticketing/TechnicianList,No visible handler-level auth,,TicketingController,TechnicianList,Boga.WebAPI/Controller/TicketingController.cs,256
MyBoga,Ticketing,POST,/api/Ticketing/Ticketing_Data,No visible handler-level auth,,TicketingController,Ticketing_Data,Boga.WebAPI/Controller/TicketingController.cs,208
MyBoga,Ticketing,POST,/api/Ticketing/UpdateCategory,No visible handler-level auth,,TicketingController,UpdateCategory,Boga.WebAPI/Controller/TicketingController.cs,86
MyBoga,Ticketing,POST,/api/Ticketing/UpdateStatus,No visible handler-level auth,,TicketingController,UpdateStatus,Boga.WebAPI/Controller/TicketingController.cs,105
MyBoga,Transaction,POST,/api/Transaction/ListDataPrint,No visible handler-level auth,,TransactionController,ListDataPrint,Boga.WebAPI/Controller/TransactionController.cs,26
MyBoga,User,POST,/api/User/ChangePassword,No visible handler-level auth,,UserController,ChangePassword,Boga.WebAPI/Controller/UserController.cs,67
MyBoga,User,POST,/api/User/ESBWebAppsLogin,No visible handler-level auth,,UserController,ESBWebAppsLogin,Boga.WebAPI/Controller/UserController.cs,86
MyBoga,User,POST,/api/User/GetUser,No visible handler-level auth,,UserController,GetUser,Boga.WebAPI/Controller/UserController.cs,57
MyBoga,User,POST,/api/User/ResetPasswordExternal,No visible handler-level auth,,UserController,ResetPasswordExternal,Boga.WebAPI/Controller/UserController.cs,215
MyBoga,User,POST,/api/User/SendRegistrationOTP,No visible handler-level auth,,UserController,SendRegistrationOTP,Boga.WebAPI/Controller/UserController.cs,115
MyBoga,User,POST,/api/User/SendResetOTP,No visible handler-level auth,,UserController,SendResetOTP,Boga.WebAPI/Controller/UserController.cs,138
MyBoga,User,POST,/api/User/SignUpUserExternalOTP,No visible handler-level auth,,UserController,SignUpUserExternalOTP,Boga.WebAPI/Controller/UserController.cs,184
MyBoga,User,POST,/api/User/ValidateResetOTP,No visible handler-level auth,,UserController,ValidateResetOTP,Boga.WebAPI/Controller/UserController.cs,161
MyBoga,VirtualAccount,POST,/api/VirtualAccount/VAGetBankList,No visible handler-level auth,,VirtualAccountController,VAGetBankList,Boga.WebAPI/Controller/VirtualAccountController.cs,65
MyBoga,VirtualAccount,POST,/api/VirtualAccount/VAUpdateStatus,No visible handler-level auth,,VirtualAccountController,VAUpdateStatus,Boga.WebAPI/Controller/VirtualAccountController.cs,50
MyBoga,VoucherB2B,POST,/api/VoucherB2B/UpdateEncryptedVoucher,No visible handler-level auth,,VoucherB2BController,UpdateEncryptedVoucher,Boga.WebAPI/Controller/VoucherB2BController.cs,28
MyBoga,VoucherOnline,POST,/api/VoucherOnline/EmailNotification,No visible handler-level auth,,VoucherOnlineController,ProductionExportEmailNotification,Boga.WebAPI/Controller/VoucherOnlineController.cs,45
MyBoga,VoucherOnline,POST,/api/VoucherOnline/GenerateVoucherB2C,No visible handler-level auth,,VoucherOnlineController,GenerateVoucherB2C,Boga.WebAPI/Controller/VoucherOnlineController.cs,74
MyBoga,VoucherOnline,POST,/api/VoucherOnline/RedeemVoucherBoga,No visible handler-level auth,,VoucherOnlineController,RedeemVoucherBoga,Boga.WebAPI/Controller/VoucherOnlineController.cs,24
MyBoga,WorkStep,POST,/api/WorkStep/AddImages,No visible handler-level auth,,WorkStepController,AddImages,Boga.WebAPI/Controller/WorkStepController.cs,300
MyBoga,WorkStep,POST,/api/WorkStep/CreateNewTransaction,No visible handler-level auth,,WorkStepController,CreateNewTransaction,Boga.WebAPI/Controller/WorkStepController.cs,427
MyBoga,WorkStep,POST,/api/WorkStep/DeleteImages,No visible handler-level auth,,WorkStepController,DeleteImages,Boga.WebAPI/Controller/WorkStepController.cs,72
MyBoga,WorkStep,POST,/api/WorkStep/DeleteTransaction,No visible handler-level auth,,WorkStepController,DeleteTransaction,Boga.WebAPI/Controller/WorkStepController.cs,456
MyBoga,WorkStep,POST,/api/WorkStep/GetDetailTransactions,No visible handler-level auth,,WorkStepController,GetDetailTransactions,Boga.WebAPI/Controller/WorkStepController.cs,51
MyBoga,WorkStep,POST,/api/WorkStep/GetTemplate,No visible handler-level auth,,WorkStepController,GetTemplate,Boga.WebAPI/Controller/WorkStepController.cs,29
MyBoga,WorkStep,POST,/api/WorkStep/GetTransactionID,No visible handler-level auth,,WorkStepController,GetTransactionID,Boga.WebAPI/Controller/WorkStepController.cs,58
MyBoga,WorkStep,POST,/api/WorkStep/GetTransactions,No visible handler-level auth,,WorkStepController,GetTransactions,Boga.WebAPI/Controller/WorkStepController.cs,36
MyBoga,WorkStep,POST,/api/WorkStep/ModifyAttachment,No visible handler-level auth,,WorkStepController,ModifyAttachment,Boga.WebAPI/Controller/WorkStepController.cs,478
MyBoga,WorkStep,POST,/api/WorkStep/PostAttachment,No visible handler-level auth,,WorkStepController,PostAttachment,Boga.WebAPI/Controller/WorkStepController.cs,97
MyBoga,WorkStep,POST,/api/WorkStep/PostAttachmentBatches,No visible handler-level auth,,WorkStepController,PostAttachmentBatches,Boga.WebAPI/Controller/WorkStepController.cs,214
MyBoga,WorkStep,POST,/api/WorkStep/PostData,No visible handler-level auth,,WorkStepController,PostData,Boga.WebAPI/Controller/WorkStepController.cs,65
MyBoga,WorkStep,POST,/api/WorkStep/PostDataNew,No visible handler-level auth,,WorkStepController,PostDataNew,Boga.WebAPI/Controller/WorkStepController.cs,90
MyBoga,WorkStep,POST,/api/WorkStep/SubmitTransactionIDRef,No visible handler-level auth,,WorkStepController,SubmitTransactionIDRef,Boga.WebAPI/Controller/WorkStepController.cs,408
VMS,GoodsReceipt,POST,/api/GoodsReceipt/GetGoodsDelivery,No visible handler-level auth,,GoodsReceiptController,GetGoodsDelivery,Boga.WebAPI/Controller/GoodsReceiptController.cs,35
VMS,GoodsReceipt,POST,/api/GoodsReceipt/GetGoodsReceipt,No visible handler-level auth,,GoodsReceiptController,GetGoodsReceipt,Boga.WebAPI/Controller/GoodsReceiptController.cs,44
VMS,GoodsReceipt,POST,/api/GoodsReceipt/GoodsReceiptSupport,No visible handler-level auth,,GoodsReceiptController,GoodsReceiptSupport,Boga.WebAPI/Controller/GoodsReceiptController.cs,53
VMS,GoodsReceipt,POST,/api/GoodsReceipt/ListGoodsReceipt,No visible handler-level auth,,GoodsReceiptController,GetGoodsReceiptList,Boga.WebAPI/Controller/GoodsReceiptController.cs,15
VMS,GoodsReceipt,POST,/api/GoodsReceipt/SaveGoodsReceipt,No visible handler-level auth,,GoodsReceiptController,SaveGoodsReceipt,Boga.WebAPI/Controller/GoodsReceiptController.cs,28
VMS,GoodsReceipt,POST,/api/GoodsReceipt/UpdateStatus,No visible handler-level auth,,GoodsReceiptController,UpdateStatusGoodsReceipt,Boga.WebAPI/Controller/GoodsReceiptController.cs,60
VMS,PurchaseOrder,POST,/api/PurchaseOrder/CreatePurchaseOrder,No visible handler-level auth,,PurchaseOrderController,CreatePurchaseOrder,Boga.WebAPI/Controller/PurchaseOrderController.cs,50
VMS,PurchaseOrder,POST,/api/PurchaseOrder/SavePOFromESB,No visible handler-level auth,,PurchaseOrderController,SavePO,Boga.WebAPI/Controller/PurchaseOrderController.cs,84
VMS,PurchaseOrder,POST,/api/PurchaseOrder/SendPOToSupplier,No visible handler-level auth,,PurchaseOrderController,SendPO,Boga.WebAPI/Controller/PurchaseOrderController.cs,93
VMS,PurchaseRequest,POST,/api/PurchaseRequest/DataApprovalUser,No visible handler-level auth,,PurchaseRequestController,DataApprovalUser,Boga.WebAPI/Controller/PurchaseRequestController.cs,120
VMS,PurchaseRequest,POST,/api/PurchaseRequest/IsUserApproval,No visible handler-level auth,,PurchaseRequestController,IsUserApproval,Boga.WebAPI/Controller/PurchaseRequestController.cs,150
VMS,PurchaseRequest,POST,/api/PurchaseRequest/ListDefaultEmail,No visible handler-level auth,,PurchaseRequestController,ListDefaultEmail,Boga.WebAPI/Controller/PurchaseRequestController.cs,113
VMS,PurchaseRequest,POST,/api/PurchaseRequest/SendEmail,No visible handler-level auth,,PurchaseRequestController,SendEmail,Boga.WebAPI/Controller/PurchaseRequestController.cs,34
VMS,Supplier,POST,/api/Supplier/GetSupplier,No visible handler-level auth,,SupplierController,GetSupplier,Boga.WebAPI/Controller/SupplierController.cs,15
VMS,Supplier,POST,/api/Supplier/ProductSupplyCategoryList,No visible handler-level auth,,SupplierController,ProductSupplyCategoryList,Boga.WebAPI/Controller/SupplierController.cs,36
VMS,Supplier,POST,/api/Supplier/SaveSupplier,No visible handler-level auth,,SupplierController,SaveSupplier,Boga.WebAPI/Controller/SupplierController.cs,22
VMS,Supplier,POST,/api/Supplier/TOPSupplierList,No visible handler-level auth,,SupplierController,TOPSupplierList,Boga.WebAPI/Controller/SupplierController.cs,29
VMS,VendorRequest,POST,/api/VendorRequest/CategoryList,No visible handler-level auth,,VendorRequestController,CategoryList,Boga.WebAPI/Controller/VendorRequestController.cs,239
VMS,VendorRequest,POST,/api/VendorRequest/DataStatusHistory,No visible handler-level auth,,VendorRequestController,DataStatusHistory,Boga.WebAPI/Controller/VendorRequestController.cs,246
VMS,VendorRequest,POST,/api/VendorRequest/GetDataVendorRequestByToken,No visible handler-level auth,,VendorRequestController,GetDataVendorRequestByToken,Boga.WebAPI/Controller/VendorRequestController.cs,198
VMS,VendorRequest,POST,/api/VendorRequest/ListBrand,No visible handler-level auth,,VendorRequestController,ListBrand,Boga.WebAPI/Controller/VendorRequestController.cs,114
VMS,VendorRequest,POST,/api/VendorRequest/ListCategoryProductSupply,No visible handler-level auth,,VendorRequestController,ListCategoryProductSupply,Boga.WebAPI/Controller/VendorRequestController.cs,82
VMS,VendorRequest,POST,/api/VendorRequest/UpdateStatus,No visible handler-level auth,,VendorRequestController,UpdateStatus,Boga.WebAPI/Controller/VendorRequestController.cs,50
VMS,VendorRequest,POST,/api/VendorRequest/Vendor_Create,No visible handler-level auth,,VendorRequestController,VendorCreate,Boga.WebAPI/Controller/VendorRequestController.cs,171
VMS,VendorRequest,POST,/api/VendorRequest/Vendor_Data,No visible handler-level auth,,VendorRequestController,VendorData,Boga.WebAPI/Controller/VendorRequestController.cs,159
VMS,VendorRequest,POST,/api/VendorRequest/Vendor_List,No visible handler-level auth,,VendorRequestController,Vendor_List,Boga.WebAPI/Controller/VendorRequestController.cs,145
